"ID","Dilution Batch Name","x","y","Sample Name"
"Linear 001","Linear",0,49415.4895822479,"0"
"Linear 001","Linear",30,62025.7769074392,"30"
"Linear 001","Linear",60,87120.2951560472,"60"
"Linear 001","Linear",90,130197.732690331,"90"
"Linear 001","Linear",120,139319.498419514,"120"
"Linear 001","Linear",150,183429.775690727,"150"
"Linear 001","Linear",180,177408.802258734,"180"
"Linear 002","Linear",0,67250.9872252389,"0"
"Linear 002","Linear",30,99674.9764571948,"30"
"Linear 002","Linear",60,147157.325663224,"60"
"Linear 002","Linear",90,180493.141408053,"90"
"Linear 002","Linear",120,254649.266665629,"120"
"Linear 002","Linear",150,267898.948190346,"150"
"Linear 002","Linear",180,314690.409999311,"180"
"Linear 003","Linear",0,403040.676766379,"0"
"Linear 003","Linear",30,529521.681661388,"30"
"Linear 003","Linear",60,611958.179252432,"60"
"Linear 003","Linear",90,1312442.86816595,"90"
"Linear 003","Linear",120,1443054.38492416,"120"
"Linear 003","Linear",150,1678372.87302742,"150"
"Linear 003","Linear",180,1409019.40531462,"180"
"Linear 004","Linear",0,829072.874552819,"0"
"Linear 004","Linear",30,1251177.53535079,"30"
"Linear 004","Linear",60,1876881.1597976,"60"
"Linear 004","Linear",90,2453972.40942385,"90"
"Linear 004","Linear",120,2646825.92572972,"120"
"Linear 004","Linear",150,3765676.72917015,"150"
"Linear 004","Linear",180,3983597.50387992,"180"
"Linear 005","Linear",0,351646.457546565,"0"
"Linear 005","Linear",30,573323.338333372,"30"
"Linear 005","Linear",60,725098.066909053,"60"
"Linear 005","Linear",90,1058061.43142249,"90"
"Linear 005","Linear",120,1267091.39045336,"120"
"Linear 005","Linear",150,1465609.58521343,"150"
"Linear 005","Linear",180,1556516.05890088,"180"
"Linear 006","Linear",0,508585.821479259,"0"
"Linear 006","Linear",30,615870.893620978,"30"
"Linear 006","Linear",60,895654.412832419,"60"
"Linear 006","Linear",90,1021422.13674334,"90"
"Linear 006","Linear",120,1263772.89455498,"120"
"Linear 006","Linear",150,1648716.70412055,"150"
"Linear 006","Linear",180,1875621.48738818,"180"
"Linear 007","Linear",0,486966.646114114,"0"
"Linear 007","Linear",30,827892.50352462,"30"
"Linear 007","Linear",60,1292864.87371469,"60"
"Linear 007","Linear",90,1424992.40757047,"90"
"Linear 007","Linear",120,1564279.10108266,"120"
"Linear 007","Linear",150,1885541.07920588,"150"
"Linear 007","Linear",180,1941288.90097821,"180"
"Linear 008","Linear",0,648046.064109373,"0"
"Linear 008","Linear",30,1011211.7588846,"30"
"Linear 008","Linear",60,1363819.12859842,"60"
"Linear 008","Linear",90,2351217.76649437,"90"
"Linear 008","Linear",120,2798347.37458665,"120"
"Linear 008","Linear",150,3520019.78084112,"150"
"Linear 008","Linear",180,3471989.76960162,"180"
"Linear 009","Linear",0,329358.113417592,"0"
"Linear 009","Linear",30,523589.620691362,"30"
"Linear 009","Linear",60,768789.783335662,"60"
"Linear 009","Linear",90,1161463.64198171,"90"
"Linear 009","Linear",120,1333576.97536233,"120"
"Linear 009","Linear",150,1601719.16081647,"150"
"Linear 009","Linear",180,1659864.69987678,"180"
"Linear 010","Linear",0,648045.791350734,"0"
"Linear 010","Linear",30,982550.029053962,"30"
"Linear 010","Linear",60,1338670.80970673,"60"
"Linear 010","Linear",90,2140970.75347577,"90"
"Linear 010","Linear",120,2319277.76836693,"120"
"Linear 010","Linear",150,2452912.37840063,"150"
"Linear 010","Linear",180,2337301.10471271,"180"
"Linear 011","Linear",0,164300.298114097,"0"
"Linear 011","Linear",30,260328.071449091,"30"
"Linear 011","Linear",60,384887.273533333,"60"
"Linear 011","Linear",90,436010.30566103,"90"
"Linear 011","Linear",120,519920.073993369,"120"
"Linear 011","Linear",150,617489.213703002,"150"
"Linear 011","Linear",180,782134.860566763,"180"
"Linear 012","Linear",0,309238.142472328,"0"
"Linear 012","Linear",30,403346.362559963,"30"
"Linear 012","Linear",60,551890.056439714,"60"
"Linear 012","Linear",90,814936.785718712,"90"
"Linear 012","Linear",120,1051417.69830267,"120"
"Linear 012","Linear",150,1102690.17750808,"150"
"Linear 012","Linear",180,1245650.57588228,"180"
"Linear 013","Linear",0,444685.927384695,"0"
"Linear 013","Linear",30,623905.494249072,"30"
"Linear 013","Linear",60,980973.424279468,"60"
"Linear 013","Linear",90,1371488.00883877,"90"
"Linear 013","Linear",120,1385105.17983979,"120"
"Linear 013","Linear",150,1834022.02570986,"150"
"Linear 013","Linear",180,1941670.40850645,"180"
"Linear 014","Linear",0,969860.830740505,"0"
"Linear 014","Linear",30,1683920.14628878,"30"
"Linear 014","Linear",60,2416106.49703381,"60"
"Linear 014","Linear",90,2297182.31215544,"90"
"Linear 014","Linear",120,3334200.13878799,"120"
"Linear 014","Linear",150,3534671.31756456,"150"
"Linear 014","Linear",180,4506281.23948661,"180"
"Linear 015","Linear",0,878596.616558918,"0"
"Linear 015","Linear",30,1539834.04270259,"30"
"Linear 015","Linear",60,2129977.30926243,"60"
"Linear 015","Linear",90,2593041.50102315,"90"
"Linear 015","Linear",120,3205354.09441903,"120"
"Linear 015","Linear",150,3740160.50377959,"150"
"Linear 015","Linear",180,4259705.38971733,"180"
"Linear 016","Linear",0,110972.459799216,"0"
"Linear 016","Linear",30,174209.792263656,"30"
"Linear 016","Linear",60,241417.965382129,"60"
"Linear 016","Linear",90,316170.076720653,"90"
"Linear 016","Linear",120,364645.862412021,"120"
"Linear 016","Linear",150,400434.231164634,"150"
"Linear 016","Linear",180,416704.836289949,"180"
"Linear 017","Linear",0,418681.042379879,"0"
"Linear 017","Linear",30,711817.827956452,"30"
"Linear 017","Linear",60,955869.869097316,"60"
"Linear 017","Linear",90,1258755.34455558,"90"
"Linear 017","Linear",120,1399513.13229231,"120"
"Linear 017","Linear",150,1720151.12275684,"150"
"Linear 017","Linear",180,2184454.15505623,"180"
"Linear 018","Linear",0,19677.4147109682,"0"
"Linear 018","Linear",30,36132.6295585661,"30"
"Linear 018","Linear",60,37709.5399287253,"60"
"Linear 018","Linear",90,60188.6454475992,"90"
"Linear 018","Linear",120,80665.3215071876,"120"
"Linear 018","Linear",150,78678.6695477415,"150"
"Linear 018","Linear",180,97983.5955114989,"180"
"Linear 019","Linear",0,6428.79469788555,"0"
"Linear 019","Linear",30,8641.13566761547,"30"
"Linear 019","Linear",60,12351.2719391994,"60"
"Linear 019","Linear",90,17528.9899615195,"90"
"Linear 019","Linear",120,21049.7326545455,"120"
"Linear 019","Linear",150,25694.388390677,"150"
"Linear 019","Linear",180,30767.7142298823,"180"
"Linear 020","Linear",0,212269.365931573,"0"
"Linear 020","Linear",30,386504.90617126,"30"
"Linear 020","Linear",60,502507.348004383,"60"
"Linear 020","Linear",90,665749.408855014,"90"
"Linear 020","Linear",120,883087.754800412,"120"
"Linear 020","Linear",150,977907.725273849,"150"
"Linear 020","Linear",180,1111355.58271762,"180"
"Linear 021","Linear",0,452299.416613092,"0"
"Linear 021","Linear",30,614007.206635508,"30"
"Linear 021","Linear",60,916716.857366691,"60"
"Linear 021","Linear",90,1414990.03514614,"90"
"Linear 021","Linear",120,1570225.6340132,"120"
"Linear 021","Linear",150,1572749.06724982,"150"
"Linear 021","Linear",180,1755278.78865444,"180"
"Linear 022","Linear",0,782590.210617445,"0"
"Linear 022","Linear",30,1131919.51727938,"30"
"Linear 022","Linear",60,1589376.85380673,"60"
"Linear 022","Linear",90,2305732.21108246,"90"
"Linear 022","Linear",120,2472022.49336095,"120"
"Linear 022","Linear",150,2982870.90303897,"150"
"Linear 022","Linear",180,3572095.59715659,"180"
"Linear 023","Linear",0,641277.000413979,"0"
"Linear 023","Linear",30,1061712.29928287,"30"
"Linear 023","Linear",60,1358126.7450908,"60"
"Linear 023","Linear",90,2028979.58642258,"90"
"Linear 023","Linear",120,2666788.03985946,"120"
"Linear 023","Linear",150,2836234.74877683,"150"
"Linear 023","Linear",180,3442663.99330952,"180"
"Linear 024","Linear",0,475169.085114652,"0"
"Linear 024","Linear",30,760594.13316171,"30"
"Linear 024","Linear",60,908564.785239169,"60"
"Linear 024","Linear",90,1361402.07411235,"90"
"Linear 024","Linear",120,1717091.55909375,"120"
"Linear 024","Linear",150,2059465.90260971,"150"
"Linear 024","Linear",180,2508547.65506131,"180"
"Linear 025","Linear",0,885052.387374143,"0"
"Linear 025","Linear",30,1429343.88538702,"30"
"Linear 025","Linear",60,1795331.87180209,"60"
"Linear 025","Linear",90,2474600.86121396,"90"
"Linear 025","Linear",120,2433231.21893318,"120"
"Linear 025","Linear",150,3405752.93006911,"150"
"Linear 025","Linear",180,2634588.05804044,"180"
"Linear 026","Linear",0,1157685.21248452,"0"
"Linear 026","Linear",30,1842784.41525428,"30"
"Linear 026","Linear",60,1611433.05752945,"60"
"Linear 026","Linear",90,2943524.42594258,"90"
"Linear 026","Linear",120,3274106.12986613,"120"
"Linear 026","Linear",150,3981498.08362691,"150"
"Linear 026","Linear",180,3572951.9779317,"180"
"Linear 027","Linear",0,326971.182790486,"0"
"Linear 027","Linear",30,572889.332957269,"30"
"Linear 027","Linear",60,744812.386324317,"60"
"Linear 027","Linear",90,867322.176651197,"90"
"Linear 027","Linear",120,1212614.43652527,"120"
"Linear 027","Linear",150,1462759.47401284,"150"
"Linear 027","Linear",180,1596318.84393296,"180"
"Linear 028","Linear",0,377767.265343687,"0"
"Linear 028","Linear",30,715274.009293632,"30"
"Linear 028","Linear",60,840329.520477694,"60"
"Linear 028","Linear",90,1044921.21537704,"90"
"Linear 028","Linear",120,1487199.41932355,"120"
"Linear 028","Linear",150,1761259.78446073,"150"
"Linear 028","Linear",180,1946320.2829917,"180"
"Linear 029","Linear",0,622432.031473485,"0"
"Linear 029","Linear",30,772101.087662869,"30"
"Linear 029","Linear",60,1315365.2900368,"60"
"Linear 029","Linear",90,1760772.7313828,"90"
"Linear 029","Linear",120,1835141.59967093,"120"
"Linear 029","Linear",150,2273033.97730798,"150"
"Linear 029","Linear",180,2619910.63067994,"180"
"Linear 030","Linear",0,479313.704685353,"0"
"Linear 030","Linear",30,914097.45023225,"30"
"Linear 030","Linear",60,956421.873129724,"60"
"Linear 030","Linear",90,1773089.91706212,"90"
"Linear 030","Linear",120,1680916.09033016,"120"
"Linear 030","Linear",150,2031062.73928075,"150"
"Linear 030","Linear",180,2474429.7680572,"180"
"Linear 031","Linear",0,450021.736451194,"0"
"Linear 031","Linear",30,744022.043733576,"30"
"Linear 031","Linear",60,982211.240131826,"60"
"Linear 031","Linear",90,1556300.58609752,"90"
"Linear 031","Linear",120,1290615.94718489,"120"
"Linear 031","Linear",150,1829204.97006638,"150"
"Linear 031","Linear",180,2376613.09616932,"180"
"Linear 032","Linear",0,404188.615838968,"0"
"Linear 032","Linear",30,783257.821860634,"30"
"Linear 032","Linear",60,733357.881751587,"60"
"Linear 032","Linear",90,1055448.26593851,"90"
"Linear 032","Linear",120,1226594.71161033,"120"
"Linear 032","Linear",150,1742748.29723132,"150"
"Linear 032","Linear",180,1722160.77718762,"180"
"Linear 033","Linear",0,296360.497618293,"0"
"Linear 033","Linear",30,499181.871946151,"30"
"Linear 033","Linear",60,756684.907945777,"60"
"Linear 033","Linear",90,899252.386543936,"90"
"Linear 033","Linear",120,868140.277505435,"120"
"Linear 033","Linear",150,1199371.83866859,"150"
"Linear 033","Linear",180,1561374.27972286,"180"
"Linear 034","Linear",0,631504.846572043,"0"
"Linear 034","Linear",30,1111185.58156956,"30"
"Linear 034","Linear",60,1550870.37793423,"60"
"Linear 034","Linear",90,1844285.99453622,"90"
"Linear 034","Linear",120,2082400.56609606,"120"
"Linear 034","Linear",150,3365722.51829141,"150"
"Linear 034","Linear",180,3752731.25949565,"180"
"Linear 035","Linear",0,635028.049685428,"0"
"Linear 035","Linear",30,1217175.74415514,"30"
"Linear 035","Linear",60,1795453.58093429,"60"
"Linear 035","Linear",90,2162608.71282604,"90"
"Linear 035","Linear",120,2960702.45676221,"120"
"Linear 035","Linear",150,3052590.79420554,"150"
"Linear 035","Linear",180,3179705.04128185,"180"
"Linear 036","Linear",0,238749.724791338,"0"
"Linear 036","Linear",30,380045.870912481,"30"
"Linear 036","Linear",60,523682.594846984,"60"
"Linear 036","Linear",90,688352.399880341,"90"
"Linear 036","Linear",120,638473.899118232,"120"
"Linear 036","Linear",150,1044702.53326461,"150"
"Linear 036","Linear",180,1205673.93041457,"180"
"Linear 037","Linear",0,855894.2971561,"0"
"Linear 037","Linear",30,1442328.28928928,"30"
"Linear 037","Linear",60,1681926.36997092,"60"
"Linear 037","Linear",90,2589173.07773562,"90"
"Linear 037","Linear",120,2786848.67220898,"120"
"Linear 037","Linear",150,4040542.70907699,"150"
"Linear 037","Linear",180,3725782.97918682,"180"
"Linear 038","Linear",0,995523.893922413,"0"
"Linear 038","Linear",30,1310490.19897235,"30"
"Linear 038","Linear",60,1953215.9342698,"60"
"Linear 038","Linear",90,2960472.95824148,"90"
"Linear 038","Linear",120,3950318.69673972,"120"
"Linear 038","Linear",150,3811682.45152122,"150"
"Linear 038","Linear",180,4939090.92946781,"180"
"Linear 039","Linear",0,835632.818574194,"0"
"Linear 039","Linear",30,1139194.57608093,"30"
"Linear 039","Linear",60,1444967.76372915,"60"
"Linear 039","Linear",90,2073899.5172884,"90"
"Linear 039","Linear",120,2226018.84047672,"120"
"Linear 039","Linear",150,2863775.22540196,"150"
"Linear 039","Linear",180,3310200.5857397,"180"
"Linear 040","Linear",0,752736.033639814,"0"
"Linear 040","Linear",30,1228794.93487249,"30"
"Linear 040","Linear",60,1777250.25994149,"60"
"Linear 040","Linear",90,2434747.63626748,"90"
"Linear 040","Linear",120,3227299.01752999,"120"
"Linear 040","Linear",150,3696788.37429715,"150"
"Linear 040","Linear",180,4023023.3242412,"180"
"Linear 041","Linear",0,963353.631016267,"0"
"Linear 041","Linear",30,1514064.38292936,"30"
"Linear 041","Linear",60,1800886.01136225,"60"
"Linear 041","Linear",90,2324774.77780575,"90"
"Linear 041","Linear",120,2582320.87190453,"120"
"Linear 041","Linear",150,3515543.51506548,"150"
"Linear 041","Linear",180,4084640.61344851,"180"
"Linear 042","Linear",0,77482.0009611509,"0"
"Linear 042","Linear",30,149827.02537363,"30"
"Linear 042","Linear",60,181686.936166645,"60"
"Linear 042","Linear",90,249989.971435233,"90"
"Linear 042","Linear",120,344456.112393778,"120"
"Linear 042","Linear",150,352464.334671474,"150"
"Linear 042","Linear",180,428745.06598853,"180"
"Linear 043","Linear",0,753439.344856391,"0"
"Linear 043","Linear",30,1527048.74859689,"30"
"Linear 043","Linear",60,2038871.17675877,"60"
"Linear 043","Linear",90,2679534.70001611,"90"
"Linear 043","Linear",120,2763289.59666546,"120"
"Linear 043","Linear",150,2898420.0256931,"150"
"Linear 043","Linear",180,4104608.92166617,"180"
"Linear 044","Linear",0,155189.569793948,"0"
"Linear 044","Linear",30,232049.710173525,"30"
"Linear 044","Linear",60,259597.762187699,"60"
"Linear 044","Linear",90,311620.203099532,"90"
"Linear 044","Linear",120,446885.332909397,"120"
"Linear 044","Linear",150,593675.097974892,"150"
"Linear 044","Linear",180,501908.210530192,"180"
"Linear 045","Linear",0,27785.6481853868,"0"
"Linear 045","Linear",30,44795.7034403542,"30"
"Linear 045","Linear",60,53046.7626291874,"60"
"Linear 045","Linear",90,55495.5277288139,"90"
"Linear 045","Linear",120,76053.621441031,"120"
"Linear 045","Linear",150,105652.716165966,"150"
"Linear 045","Linear",180,132231.648995979,"180"
"Linear 046","Linear",0,519441.398258339,"0"
"Linear 046","Linear",30,914205.946091069,"30"
"Linear 046","Linear",60,1237466.61097074,"60"
"Linear 046","Linear",90,1411294.42182737,"90"
"Linear 046","Linear",120,1996715.06372156,"120"
"Linear 046","Linear",150,2526181.85093739,"150"
"Linear 046","Linear",180,2553825.53768866,"180"
"Linear 047","Linear",0,981214.756025277,"0"
"Linear 047","Linear",30,1602022.29913492,"30"
"Linear 047","Linear",60,2060613.25880208,"60"
"Linear 047","Linear",90,3000858.7841446,"90"
"Linear 047","Linear",120,3329530.23910908,"120"
"Linear 047","Linear",150,3635846.59217415,"150"
"Linear 047","Linear",180,4680170.15888765,"180"
"Linear 048","Linear",0,864965.146201802,"0"
"Linear 048","Linear",30,1020905.20883258,"30"
"Linear 048","Linear",60,2230889.15976912,"60"
"Linear 048","Linear",90,2256917.18129011,"90"
"Linear 048","Linear",120,2859500.79192486,"120"
"Linear 048","Linear",150,4050050.18799151,"150"
"Linear 048","Linear",180,3247830.80542571,"180"
"Linear 049","Linear",0,329178.946419223,"0"
"Linear 049","Linear",30,494607.006432437,"30"
"Linear 049","Linear",60,869238.247571366,"60"
"Linear 049","Linear",90,1122365.55764614,"90"
"Linear 049","Linear",120,1270483.36162995,"120"
"Linear 049","Linear",150,1360847.3262907,"150"
"Linear 049","Linear",180,1567548.59089765,"180"
"Linear 050","Linear",0,659931.46088375,"0"
"Linear 050","Linear",30,1168165.83013059,"30"
"Linear 050","Linear",60,1671568.82456856,"60"
"Linear 050","Linear",90,1861094.08767966,"90"
"Linear 050","Linear",120,2443555.91341769,"120"
"Linear 050","Linear",150,2121245.0432111,"150"
"Linear 050","Linear",180,3228086.17058977,"180"
"Linear 051","Linear",0,58191.8291683435,"0"
"Linear 051","Linear",30,93839.2232545678,"30"
"Linear 051","Linear",60,90013.7379191506,"60"
"Linear 051","Linear",90,160350.106595988,"90"
"Linear 051","Linear",120,168183.627812599,"120"
"Linear 051","Linear",150,206289.697740556,"150"
"Linear 051","Linear",180,262857.889866554,"180"
"Linear 052","Linear",0,587922.208437991,"0"
"Linear 052","Linear",30,1057385.78386638,"30"
"Linear 052","Linear",60,1343011.78752099,"60"
"Linear 052","Linear",90,2017498.16843234,"90"
"Linear 052","Linear",120,1835107.87413741,"120"
"Linear 052","Linear",150,2771458.46339201,"150"
"Linear 052","Linear",180,3355477.45291921,"180"
"Linear 053","Linear",0,716999.025120787,"0"
"Linear 053","Linear",30,1038301.83136722,"30"
"Linear 053","Linear",60,1497766.8712429,"60"
"Linear 053","Linear",90,1834545.21612376,"90"
"Linear 053","Linear",120,2447950.76005771,"120"
"Linear 053","Linear",150,2943558.52815162,"150"
"Linear 053","Linear",180,3281277.7687543,"180"
"Linear 054","Linear",0,84958.0839557623,"0"
"Linear 054","Linear",30,139961.795777142,"30"
"Linear 054","Linear",60,190749.790388182,"60"
"Linear 054","Linear",90,253512.924062157,"90"
"Linear 054","Linear",120,276777.36164471,"120"
"Linear 054","Linear",150,375629.829585816,"150"
"Linear 054","Linear",180,367374.374270048,"180"
"Linear 055","Linear",0,286234.048665822,"0"
"Linear 055","Linear",30,465006.870083612,"30"
"Linear 055","Linear",60,676839.702669924,"60"
"Linear 055","Linear",90,838044.197779241,"90"
"Linear 055","Linear",120,969591.494337267,"120"
"Linear 055","Linear",150,1193357.85891007,"150"
"Linear 055","Linear",180,1157733.02845518,"180"
"Linear 056","Linear",0,277881.34664859,"0"
"Linear 056","Linear",30,508393.443619791,"30"
"Linear 056","Linear",60,741961.788720503,"60"
"Linear 056","Linear",90,966008.390460646,"90"
"Linear 056","Linear",120,1235101.25987723,"120"
"Linear 056","Linear",150,1306978.54042725,"150"
"Linear 056","Linear",180,1436469.17249325,"180"
"Linear 057","Linear",0,297773.014064431,"0"
"Linear 057","Linear",30,461641.847995766,"30"
"Linear 057","Linear",60,618097.495859334,"60"
"Linear 057","Linear",90,758056.848348036,"90"
"Linear 057","Linear",120,888029.633398565,"120"
"Linear 057","Linear",150,1047402.8426032,"150"
"Linear 057","Linear",180,1532025.85674592,"180"
"Linear 058","Linear",0,926041.762411974,"0"
"Linear 058","Linear",30,1303754.09893366,"30"
"Linear 058","Linear",60,2169905.35034493,"60"
"Linear 058","Linear",90,2574701.81449718,"90"
"Linear 058","Linear",120,3261778.56009186,"120"
"Linear 058","Linear",150,3790452.33990152,"150"
"Linear 058","Linear",180,4796666.6544477,"180"
"Linear 059","Linear",0,471808.541731655,"0"
"Linear 059","Linear",30,950944.690993403,"30"
"Linear 059","Linear",60,1171684.43065169,"60"
"Linear 059","Linear",90,1362492.71971958,"90"
"Linear 059","Linear",120,1513799.83692285,"120"
"Linear 059","Linear",150,2147998.22226475,"150"
"Linear 059","Linear",180,2003568.36024493,"180"
"Linear 060","Linear",0,802725.613250827,"0"
"Linear 060","Linear",30,1134783.62349467,"30"
"Linear 060","Linear",60,1567504.06560401,"60"
"Linear 060","Linear",90,2162246.90652813,"90"
"Linear 060","Linear",120,2549929.15636755,"120"
"Linear 060","Linear",150,2884906.82609748,"150"
"Linear 060","Linear",180,3331211.33566869,"180"
"Linear 061","Linear",0,779347.383211307,"0"
"Linear 061","Linear",30,1345544.14029593,"30"
"Linear 061","Linear",60,1569434.1830122,"60"
"Linear 061","Linear",90,2359371.85235598,"90"
"Linear 061","Linear",120,2160685.45710404,"120"
"Linear 061","Linear",150,2786248.70619608,"150"
"Linear 061","Linear",180,2961749.58178973,"180"
"Linear 062","Linear",0,543076.938339573,"0"
"Linear 062","Linear",30,719927.047881078,"30"
"Linear 062","Linear",60,1152004.54214509,"60"
"Linear 062","Linear",90,1325851.5408301,"90"
"Linear 062","Linear",120,1859393.10189757,"120"
"Linear 062","Linear",150,1760442.3928294,"150"
"Linear 062","Linear",180,2604557.83078511,"180"
"Linear 063","Linear",0,637345.370880712,"0"
"Linear 063","Linear",30,1128168.36726988,"30"
"Linear 063","Linear",60,1522646.50548101,"60"
"Linear 063","Linear",90,1918245.72759515,"90"
"Linear 063","Linear",120,2055433.72150616,"120"
"Linear 063","Linear",150,2677569.99755835,"150"
"Linear 063","Linear",180,3213915.98794913,"180"
"Linear 064","Linear",0,476915.883006741,"0"
"Linear 064","Linear",30,842373.066290886,"30"
"Linear 064","Linear",60,1098071.26543333,"60"
"Linear 064","Linear",90,1192669.49811392,"90"
"Linear 064","Linear",120,1470538.81019419,"120"
"Linear 064","Linear",150,1765444.88289929,"150"
"Linear 064","Linear",180,2258448.00402045,"180"
"Linear 065","Linear",0,112334.72353201,"0"
"Linear 065","Linear",30,168482.35219128,"30"
"Linear 065","Linear",60,288194.686283232,"60"
"Linear 065","Linear",90,311101.542726784,"90"
"Linear 065","Linear",120,442764.59903615,"120"
"Linear 065","Linear",150,499862.041886445,"150"
"Linear 065","Linear",180,611860.807557701,"180"
"Linear 066","Linear",0,197211.05346677,"0"
"Linear 066","Linear",30,405511.433345354,"30"
"Linear 066","Linear",60,540657.661195723,"60"
"Linear 066","Linear",90,624031.642522721,"90"
"Linear 066","Linear",120,780245.240164488,"120"
"Linear 066","Linear",150,964672.539204585,"150"
"Linear 066","Linear",180,1127576.94825235,"180"
"Linear 067","Linear",0,1093736.43998971,"0"
"Linear 067","Linear",30,1312172.45441343,"30"
"Linear 067","Linear",60,1662858.92515579,"60"
"Linear 067","Linear",90,2927599.34633862,"90"
"Linear 067","Linear",120,2754714.10507596,"120"
"Linear 067","Linear",150,3732383.04799886,"150"
"Linear 067","Linear",180,3799439.75188072,"180"
"Linear 068","Linear",0,566096.383819122,"0"
"Linear 068","Linear",30,1008974.84865508,"30"
"Linear 068","Linear",60,1344182.73366407,"60"
"Linear 068","Linear",90,1551842.4104744,"90"
"Linear 068","Linear",120,2010585.71077991,"120"
"Linear 068","Linear",150,2345745.85625995,"150"
"Linear 068","Linear",180,2718087.95967829,"180"
"Linear 069","Linear",0,541374.137741254,"0"
"Linear 069","Linear",30,745506.044827493,"30"
"Linear 069","Linear",60,1192927.58739787,"60"
"Linear 069","Linear",90,1413382.5223565,"90"
"Linear 069","Linear",120,1716926.91267689,"120"
"Linear 069","Linear",150,2237573.00807239,"150"
"Linear 069","Linear",180,2300794.75901541,"180"
"Linear 070","Linear",0,413536.370603851,"0"
"Linear 070","Linear",30,802464.896372529,"30"
"Linear 070","Linear",60,792889.886093071,"60"
"Linear 070","Linear",90,1261375.40424665,"90"
"Linear 070","Linear",120,1627308.28331124,"120"
"Linear 070","Linear",150,1621817.94469275,"150"
"Linear 070","Linear",180,2163919.67994256,"180"
"Linear 071","Linear",0,68449.1540956065,"0"
"Linear 071","Linear",30,122073.423761393,"30"
"Linear 071","Linear",60,216652.405389223,"60"
"Linear 071","Linear",90,219081.022982253,"90"
"Linear 071","Linear",120,257160.600528553,"120"
"Linear 071","Linear",150,306171.348454411,"150"
"Linear 071","Linear",180,368403.439591203,"180"
"Linear 072","Linear",0,617649.276419413,"0"
"Linear 072","Linear",30,1084485.23254504,"30"
"Linear 072","Linear",60,1564285.38359336,"60"
"Linear 072","Linear",90,1922863.41321216,"90"
"Linear 072","Linear",120,2428346.28156057,"120"
"Linear 072","Linear",150,2444761.19024736,"150"
"Linear 072","Linear",180,3018731.82802516,"180"
"Linear 073","Linear",0,912209.91106598,"0"
"Linear 073","Linear",30,1482432.32630108,"30"
"Linear 073","Linear",60,2006044.04644564,"60"
"Linear 073","Linear",90,2586692.23594092,"90"
"Linear 073","Linear",120,3076951.08325847,"120"
"Linear 073","Linear",150,3229938.44041564,"150"
"Linear 073","Linear",180,4245844.32980113,"180"
"Linear 074","Linear",0,44023.1743063912,"0"
"Linear 074","Linear",30,58331.6634928932,"30"
"Linear 074","Linear",60,85979.7884315001,"60"
"Linear 074","Linear",90,86519.2529789262,"90"
"Linear 074","Linear",120,122262.573097536,"120"
"Linear 074","Linear",150,141227.154731444,"150"
"Linear 074","Linear",180,198892.803413199,"180"
"Linear 075","Linear",0,359587.9751552,"0"
"Linear 075","Linear",30,584150.438476125,"30"
"Linear 075","Linear",60,738374.457958421,"60"
"Linear 075","Linear",90,1022304.77495158,"90"
"Linear 075","Linear",120,1386697.78299516,"120"
"Linear 075","Linear",150,1505277.22641768,"150"
"Linear 075","Linear",180,1746950.78628983,"180"
"Linear 076","Linear",0,427574.963506338,"0"
"Linear 076","Linear",30,691801.815060484,"30"
"Linear 076","Linear",60,863579.626772173,"60"
"Linear 076","Linear",90,1189961.631883,"90"
"Linear 076","Linear",120,1710039.64528477,"120"
"Linear 076","Linear",150,1516473.36711267,"150"
"Linear 076","Linear",180,2039091.621433,"180"
"Linear 077","Linear",0,477345.063826998,"0"
"Linear 077","Linear",30,660918.401657437,"30"
"Linear 077","Linear",60,1074339.01981087,"60"
"Linear 077","Linear",90,1127348.48926149,"90"
"Linear 077","Linear",120,1570998.06288048,"120"
"Linear 077","Linear",150,2091855.88213939,"150"
"Linear 077","Linear",180,2073934.87847432,"180"
"Linear 078","Linear",0,21930.2579695717,"0"
"Linear 078","Linear",30,37033.2772347673,"30"
"Linear 078","Linear",60,52811.0244898169,"60"
"Linear 078","Linear",90,51724.5638031368,"90"
"Linear 078","Linear",120,58483.3059429531,"120"
"Linear 078","Linear",150,81928.6792018754,"150"
"Linear 078","Linear",180,92311.1901808071,"180"
"Linear 079","Linear",0,8614.48608515315,"0"
"Linear 079","Linear",30,13797.5798245829,"30"
"Linear 079","Linear",60,21497.7992966955,"60"
"Linear 079","Linear",90,24148.5483861377,"90"
"Linear 079","Linear",120,30824.444037608,"120"
"Linear 079","Linear",150,35592.8401617612,"150"
"Linear 079","Linear",180,38866.5807333533,"180"
"Linear 080","Linear",0,464681.817883242,"0"
"Linear 080","Linear",30,619531.86450002,"30"
"Linear 080","Linear",60,1193275.20273711,"60"
"Linear 080","Linear",90,1131770.43716,"90"
"Linear 080","Linear",120,1538524.91420349,"120"
"Linear 080","Linear",150,1852420.89805715,"150"
"Linear 080","Linear",180,2478897.06804201,"180"
"Linear 081","Linear",0,919980.333205242,"0"
"Linear 081","Linear",30,1305399.41655388,"30"
"Linear 081","Linear",60,2158430.0515154,"60"
"Linear 081","Linear",90,2468327.19338614,"90"
"Linear 081","Linear",120,3014487.56514094,"120"
"Linear 081","Linear",150,3657495.8261489,"150"
"Linear 081","Linear",180,3293647.70682909,"180"
"Linear 082","Linear",0,455555.149945647,"0"
"Linear 082","Linear",30,658874.382252125,"30"
"Linear 082","Linear",60,982376.54999886,"60"
"Linear 082","Linear",90,1158698.235286,"90"
"Linear 082","Linear",120,1549694.70252361,"120"
"Linear 082","Linear",150,1465560.35642753,"150"
"Linear 082","Linear",180,2109911.62458497,"180"
"Linear 083","Linear",0,1035.95548828491,"0"
"Linear 083","Linear",30,1216.23429731982,"30"
"Linear 083","Linear",60,2092.25722286078,"60"
"Linear 083","Linear",90,2593.02359920465,"90"
"Linear 083","Linear",120,3522.62979295508,"120"
"Linear 083","Linear",150,3189.49179198171,"150"
"Linear 083","Linear",180,4117.1617952174,"180"
"Linear 084","Linear",0,289207.173939983,"0"
"Linear 084","Linear",30,451546.109172056,"30"
"Linear 084","Linear",60,616813.370833575,"60"
"Linear 084","Linear",90,635704.264069613,"90"
"Linear 084","Linear",120,1005373.04873547,"120"
"Linear 084","Linear",150,1113544.10877861,"150"
"Linear 084","Linear",180,1026049.05826648,"180"
"Linear 085","Linear",0,659195.969526342,"0"
"Linear 085","Linear",30,923160.203110356,"30"
"Linear 085","Linear",60,1477844.08491002,"60"
"Linear 085","Linear",90,1655936.50458795,"90"
"Linear 085","Linear",120,2173878.59541548,"120"
"Linear 085","Linear",150,2692147.85983872,"150"
"Linear 085","Linear",180,2943571.02975823,"180"
"Linear 086","Linear",0,437893.342370879,"0"
"Linear 086","Linear",30,743201.244025151,"30"
"Linear 086","Linear",60,807625.889327983,"60"
"Linear 086","Linear",90,1112536.45882539,"90"
"Linear 086","Linear",120,1514111.3283365,"120"
"Linear 086","Linear",150,1480908.82677568,"150"
"Linear 086","Linear",180,1541568.03446581,"180"
"Linear 087","Linear",0,1026385.94068788,"0"
"Linear 087","Linear",30,1281863.11237827,"30"
"Linear 087","Linear",60,1989773.53291751,"60"
"Linear 087","Linear",90,2846727.29976339,"90"
"Linear 087","Linear",120,3168202.92595526,"120"
"Linear 087","Linear",150,3920208.61966488,"150"
"Linear 087","Linear",180,4959221.41842045,"180"
"Linear 088","Linear",0,210377.056386461,"0"
"Linear 088","Linear",30,333418.65507251,"30"
"Linear 088","Linear",60,386372.596797715,"60"
"Linear 088","Linear",90,602849.250004831,"90"
"Linear 088","Linear",120,711967.074287835,"120"
"Linear 088","Linear",150,826605.120372579,"150"
"Linear 088","Linear",180,918942.889219281,"180"
"Linear 089","Linear",0,290853.754462874,"0"
"Linear 089","Linear",30,515844.350927916,"30"
"Linear 089","Linear",60,591648.722675936,"60"
"Linear 089","Linear",90,657630.268305723,"90"
"Linear 089","Linear",120,1152957.14807892,"120"
"Linear 089","Linear",150,1081160.13115833,"150"
"Linear 089","Linear",180,1467951.86645431,"180"
"Linear 090","Linear",0,307484.447380077,"0"
"Linear 090","Linear",30,420239.709987168,"30"
"Linear 090","Linear",60,562838.045274801,"60"
"Linear 090","Linear",90,866460.102082695,"90"
"Linear 090","Linear",120,1090178.14411475,"120"
"Linear 090","Linear",150,1088645.01595258,"150"
"Linear 090","Linear",180,1233903.47409454,"180"
"Linear 091","Linear",0,329609.234702653,"0"
"Linear 091","Linear",30,593547.090655986,"30"
"Linear 091","Linear",60,700490.088923576,"60"
"Linear 091","Linear",90,960015.879551975,"90"
"Linear 091","Linear",120,1296978.26938104,"120"
"Linear 091","Linear",150,1305656.53547171,"150"
"Linear 091","Linear",180,1763834.52152285,"180"
"Linear 092","Linear",0,368067.036083558,"0"
"Linear 092","Linear",30,626605.611182744,"30"
"Linear 092","Linear",60,667459.994025703,"60"
"Linear 092","Linear",90,936566.881185558,"90"
"Linear 092","Linear",120,1265100.60547973,"120"
"Linear 092","Linear",150,1313282.1243103,"150"
"Linear 092","Linear",180,1383983.18384084,"180"
"Linear 093","Linear",0,365356.87885153,"0"
"Linear 093","Linear",30,646053.552619328,"30"
"Linear 093","Linear",60,631207.586790395,"60"
"Linear 093","Linear",90,907251.67485226,"90"
"Linear 093","Linear",120,918758.700646633,"120"
"Linear 093","Linear",150,1290835.17980589,"150"
"Linear 093","Linear",180,1428905.46380527,"180"
"Linear 094","Linear",0,1203529.6291968,"0"
"Linear 094","Linear",30,1284474.26616864,"30"
"Linear 094","Linear",60,2142078.21398166,"60"
"Linear 094","Linear",90,3092293.28407247,"90"
"Linear 094","Linear",120,2979459.98682394,"120"
"Linear 094","Linear",150,3427473.54110254,"150"
"Linear 094","Linear",180,4314109.6320561,"180"
"Linear 095","Linear",0,877858.236382984,"0"
"Linear 095","Linear",30,1305280.71124783,"30"
"Linear 095","Linear",60,2014019.07342164,"60"
"Linear 095","Linear",90,2031736.3904107,"90"
"Linear 095","Linear",120,2634740.75757067,"120"
"Linear 095","Linear",150,4031259.60264184,"150"
"Linear 095","Linear",180,4373489.69705555,"180"
"Linear 096","Linear",0,616387.66186544,"0"
"Linear 096","Linear",30,714771.238345084,"30"
"Linear 096","Linear",60,1220086.98081741,"60"
"Linear 096","Linear",90,1674174.38192673,"90"
"Linear 096","Linear",120,1691858.14333331,"120"
"Linear 096","Linear",150,2616461.64675923,"150"
"Linear 096","Linear",180,2994779.71728699,"180"
"Linear 097","Linear",0,899617.273764885,"0"
"Linear 097","Linear",30,1319733.72751229,"30"
"Linear 097","Linear",60,1895352.5056755,"60"
"Linear 097","Linear",90,2416998.66848617,"90"
"Linear 097","Linear",120,2397183.98162298,"120"
"Linear 097","Linear",150,2580140.42830229,"150"
"Linear 097","Linear",180,4541719.48789564,"180"
"Linear 098","Linear",0,594367.629310461,"0"
"Linear 098","Linear",30,807215.868361832,"30"
"Linear 098","Linear",60,1402999.40975283,"60"
"Linear 098","Linear",90,1899025.08390315,"90"
"Linear 098","Linear",120,2245267.81291695,"120"
"Linear 098","Linear",150,1827702.9134561,"150"
"Linear 098","Linear",180,2360920.57540582,"180"
"Linear 099","Linear",0,989185.004502792,"0"
"Linear 099","Linear",30,1399118.69019318,"30"
"Linear 099","Linear",60,1859772.38167023,"60"
"Linear 099","Linear",90,2648784.15079513,"90"
"Linear 099","Linear",120,2847753.45598068,"120"
"Linear 099","Linear",150,4454868.1543398,"150"
"Linear 099","Linear",180,3477292.83795303,"180"
"Linear 100","Linear",0,423476.728593745,"0"
"Linear 100","Linear",30,804717.16184754,"30"
"Linear 100","Linear",60,1336807.40821312,"60"
"Linear 100","Linear",90,1647677.11303418,"90"
"Linear 100","Linear",120,1547122.24071285,"120"
"Linear 100","Linear",150,1804008.84028098,"150"
"Linear 100","Linear",180,2448016.02809721,"180"
"Linear 101","Linear",0,148343.618179986,"0"
"Linear 101","Linear",30,205651.314187902,"30"
"Linear 101","Linear",60,263131.544052597,"60"
"Linear 101","Linear",90,381994.359772871,"90"
"Linear 101","Linear",120,425363.037175705,"120"
"Linear 101","Linear",150,632200.236887789,"150"
"Linear 101","Linear",180,633815.807582564,"180"
"Linear 102","Linear",0,505199.243902656,"0"
"Linear 102","Linear",30,842214.560189603,"30"
"Linear 102","Linear",60,971437.436191242,"60"
"Linear 102","Linear",90,1284388.63641112,"90"
"Linear 102","Linear",120,1706886.86297078,"120"
"Linear 102","Linear",150,1744673.57660136,"150"
"Linear 102","Linear",180,1828891.41921763,"180"
"Linear 103","Linear",0,53361.7484750366,"0"
"Linear 103","Linear",30,98266.9788376958,"30"
"Linear 103","Linear",60,132943.781111935,"60"
"Linear 103","Linear",90,167075.298274627,"90"
"Linear 103","Linear",120,155121.613338207,"120"
"Linear 103","Linear",150,237063.269540154,"150"
"Linear 103","Linear",180,326295.631078461,"180"
"Linear 104","Linear",0,611433.87946588,"0"
"Linear 104","Linear",30,973382.764105881,"30"
"Linear 104","Linear",60,1308489.74820807,"60"
"Linear 104","Linear",90,1851638.40908841,"90"
"Linear 104","Linear",120,2347422.49046278,"120"
"Linear 104","Linear",150,2984824.1324864,"150"
"Linear 104","Linear",180,2528652.14838522,"180"
"Linear 105","Linear",0,795537.952553444,"0"
"Linear 105","Linear",30,1329546.83352847,"30"
"Linear 105","Linear",60,1594040.15054407,"60"
"Linear 105","Linear",90,2272465.85817827,"90"
"Linear 105","Linear",120,2430032.58314991,"120"
"Linear 105","Linear",150,3444866.46066109,"150"
"Linear 105","Linear",180,3364778.65919731,"180"
"Linear 106","Linear",0,181491.692375484,"0"
"Linear 106","Linear",30,380909.759592744,"30"
"Linear 106","Linear",60,563348.38281261,"60"
"Linear 106","Linear",90,694941.602360822,"90"
"Linear 106","Linear",120,866392.85733697,"120"
"Linear 106","Linear",150,797089.26029115,"150"
"Linear 106","Linear",180,1042489.15974385,"180"
"Linear 107","Linear",0,768871.728276585,"0"
"Linear 107","Linear",30,1128295.01089164,"30"
"Linear 107","Linear",60,1545804.63453096,"60"
"Linear 107","Linear",90,2345213.86044096,"90"
"Linear 107","Linear",120,2704570.2256225,"120"
"Linear 107","Linear",150,2364970.51823843,"150"
"Linear 107","Linear",180,3172311.8994841,"180"
"Linear 108","Linear",0,1061004.31200497,"0"
"Linear 108","Linear",30,1244017.84668127,"30"
"Linear 108","Linear",60,2006066.34814633,"60"
"Linear 108","Linear",90,2312294.48430424,"90"
"Linear 108","Linear",120,2811278.82292054,"120"
"Linear 108","Linear",150,3433810.63451226,"150"
"Linear 108","Linear",180,3708876.71357758,"180"
"Linear 109","Linear",0,418641.045552632,"0"
"Linear 109","Linear",30,527427.002817935,"30"
"Linear 109","Linear",60,823723.81641286,"60"
"Linear 109","Linear",90,1051956.70281041,"90"
"Linear 109","Linear",120,1279700.99576691,"120"
"Linear 109","Linear",150,1754719.5987563,"150"
"Linear 109","Linear",180,2094838.80708044,"180"
"Linear 110","Linear",0,703327.736702316,"0"
"Linear 110","Linear",30,942649.172871859,"30"
"Linear 110","Linear",60,1386075.74631524,"60"
"Linear 110","Linear",90,1923926.78970949,"90"
"Linear 110","Linear",120,2225633.25043371,"120"
"Linear 110","Linear",150,2487212.63325035,"150"
"Linear 110","Linear",180,2683206.01787949,"180"
"Linear 111","Linear",0,687578.803332956,"0"
"Linear 111","Linear",30,1155910.58894725,"30"
"Linear 111","Linear",60,1372982.99657682,"60"
"Linear 111","Linear",90,2027539.93049368,"90"
"Linear 111","Linear",120,2054901.41786356,"120"
"Linear 111","Linear",150,2586538.37209665,"150"
"Linear 111","Linear",180,3288048.98664547,"180"
"Linear 112","Linear",0,129168.638109505,"0"
"Linear 112","Linear",30,223083.066827477,"30"
"Linear 112","Linear",60,309290.086224626,"60"
"Linear 112","Linear",90,428907.241727872,"90"
"Linear 112","Linear",120,465189.683823608,"120"
"Linear 112","Linear",150,465054.638981026,"150"
"Linear 112","Linear",180,602150.874739114,"180"
"Linear 113","Linear",0,582748.475749237,"0"
"Linear 113","Linear",30,1061365.85034952,"30"
"Linear 113","Linear",60,1767581.06078936,"60"
"Linear 113","Linear",90,1942372.44101254,"90"
"Linear 113","Linear",120,2151230.95903741,"120"
"Linear 113","Linear",150,2700139.9098095,"150"
"Linear 113","Linear",180,3382783.92334153,"180"
"Linear 114","Linear",0,628649.794776561,"0"
"Linear 114","Linear",30,996164.526587275,"30"
"Linear 114","Linear",60,1280952.02903587,"60"
"Linear 114","Linear",90,1659877.16719791,"90"
"Linear 114","Linear",120,2134886.08087496,"120"
"Linear 114","Linear",150,2351733.13789057,"150"
"Linear 114","Linear",180,2619546.46900402,"180"
"Linear 115","Linear",0,470962.792121206,"0"
"Linear 115","Linear",30,728206.295650468,"30"
"Linear 115","Linear",60,969395.920384599,"60"
"Linear 115","Linear",90,1304039.85134477,"90"
"Linear 115","Linear",120,1435710.6023997,"120"
"Linear 115","Linear",150,1683698.02939915,"150"
"Linear 115","Linear",180,2394336.07316085,"180"
"Linear 116","Linear",0,145817.790550779,"0"
"Linear 116","Linear",30,204264.749370107,"30"
"Linear 116","Linear",60,303807.328886443,"60"
"Linear 116","Linear",90,411241.395608035,"90"
"Linear 116","Linear",120,432084.898719132,"120"
"Linear 116","Linear",150,599060.438527394,"150"
"Linear 116","Linear",180,664462.889881231,"180"
"Linear 117","Linear",0,475466.488566545,"0"
"Linear 117","Linear",30,748092.229107966,"30"
"Linear 117","Linear",60,935239.670327297,"60"
"Linear 117","Linear",90,1117874.11714429,"90"
"Linear 117","Linear",120,1594601.05420316,"120"
"Linear 117","Linear",150,1669793.60919575,"150"
"Linear 117","Linear",180,2127226.43038036,"180"
"Linear 118","Linear",0,8657.33139165133,"0"
"Linear 118","Linear",30,15685.9240977062,"30"
"Linear 118","Linear",60,23191.6433653454,"60"
"Linear 118","Linear",90,27175.5664526389,"90"
"Linear 118","Linear",120,29222.6982589266,"120"
"Linear 118","Linear",150,36590.4079481584,"150"
"Linear 118","Linear",180,48703.7250687399,"180"
"Linear 119","Linear",0,486189.167342794,"0"
"Linear 119","Linear",30,793022.250734136,"30"
"Linear 119","Linear",60,1029003.98850066,"60"
"Linear 119","Linear",90,1402009.08820412,"90"
"Linear 119","Linear",120,1383295.74556707,"120"
"Linear 119","Linear",150,1856885.9644463,"150"
"Linear 119","Linear",180,2002908.94758807,"180"
"Linear 120","Linear",0,245269.613697146,"0"
"Linear 120","Linear",30,363962.326276441,"30"
"Linear 120","Linear",60,446446.461949886,"60"
"Linear 120","Linear",90,585151.98682695,"90"
"Linear 120","Linear",120,666275.015641867,"120"
"Linear 120","Linear",150,858483.714745604,"150"
"Linear 120","Linear",180,946433.577158514,"180"
"Linear 121","Linear",0,471031.155754593,"0"
"Linear 121","Linear",30,849016.072218863,"30"
"Linear 121","Linear",60,1168532.35393701,"60"
"Linear 121","Linear",90,1326849.63369344,"90"
"Linear 121","Linear",120,1924799.61854946,"120"
"Linear 121","Linear",150,1987107.78344183,"150"
"Linear 121","Linear",180,2130258.01396207,"180"
"Linear 122","Linear",0,220019.614277625,"0"
"Linear 122","Linear",30,416191.396756759,"30"
"Linear 122","Linear",60,489190.059330672,"60"
"Linear 122","Linear",90,772236.087722665,"90"
"Linear 122","Linear",120,658119.365767794,"120"
"Linear 122","Linear",150,868209.550589332,"150"
"Linear 122","Linear",180,1085406.26078686,"180"
"Linear 123","Linear",0,748842.781276081,"0"
"Linear 123","Linear",30,1049541.09110423,"30"
"Linear 123","Linear",60,1503405.97635712,"60"
"Linear 123","Linear",90,1978574.98908447,"90"
"Linear 123","Linear",120,2278136.66533786,"120"
"Linear 123","Linear",150,2893491.81413911,"150"
"Linear 123","Linear",180,3169262.53527462,"180"
"Linear 124","Linear",0,776659.170090352,"0"
"Linear 124","Linear",30,1295152.38709672,"30"
"Linear 124","Linear",60,1560061.29293756,"60"
"Linear 124","Linear",90,2489510.99448795,"90"
"Linear 124","Linear",120,3545594.71574098,"120"
"Linear 124","Linear",150,3291854.50416402,"150"
"Linear 124","Linear",180,4328395.48275029,"180"
"Linear 125","Linear",0,313901.957023207,"0"
"Linear 125","Linear",30,476600.075657723,"30"
"Linear 125","Linear",60,632802.24394554,"60"
"Linear 125","Linear",90,803785.905363337,"90"
"Linear 125","Linear",120,1044221.93102177,"120"
"Linear 125","Linear",150,1385737.9363268,"150"
"Linear 125","Linear",180,1298400.29347312,"180"
"Linear 126","Linear",0,599793.515966889,"0"
"Linear 126","Linear",30,1025439.82223159,"30"
"Linear 126","Linear",60,1276350.8326702,"60"
"Linear 126","Linear",90,1768961.32936468,"90"
"Linear 126","Linear",120,1717024.94877501,"120"
"Linear 126","Linear",150,2546254.44742734,"150"
"Linear 126","Linear",180,2758258.69243544,"180"
"Linear 127","Linear",0,243574.771320102,"0"
"Linear 127","Linear",30,489568.847274978,"30"
"Linear 127","Linear",60,745414.735535978,"60"
"Linear 127","Linear",90,917603.830652216,"90"
"Linear 127","Linear",120,1040460.16144715,"120"
"Linear 127","Linear",150,1276691.96242343,"150"
"Linear 127","Linear",180,1483670.18312868,"180"
"Linear 128","Linear",0,163040.643337919,"0"
"Linear 128","Linear",30,262362.402960347,"30"
"Linear 128","Linear",60,330956.679173902,"60"
"Linear 128","Linear",90,463035.607956855,"90"
"Linear 128","Linear",120,568452.534205226,"120"
"Linear 128","Linear",150,682762.611983279,"150"
"Linear 128","Linear",180,798955.811519326,"180"
"Linear 129","Linear",0,343021.132177103,"0"
"Linear 129","Linear",30,527691.713492722,"30"
"Linear 129","Linear",60,765441.699051828,"60"
"Linear 129","Linear",90,814018.923102726,"90"
"Linear 129","Linear",120,1206222.13447817,"120"
"Linear 129","Linear",150,1260693.28075547,"150"
"Linear 129","Linear",180,1889777.53610966,"180"
"Linear 130","Linear",0,59967.9490963744,"0"
"Linear 130","Linear",30,153413.979542876,"30"
"Linear 130","Linear",60,174388.417376525,"60"
"Linear 130","Linear",90,250080.503859013,"90"
"Linear 130","Linear",120,293142.370489258,"120"
"Linear 130","Linear",150,374234.220607671,"150"
"Linear 130","Linear",180,352815.917588736,"180"
"Linear 131","Linear",0,936322.102782737,"0"
"Linear 131","Linear",30,1224143.41995626,"30"
"Linear 131","Linear",60,1576128.81858944,"60"
"Linear 131","Linear",90,2553701.05159549,"90"
"Linear 131","Linear",120,2858318.18329519,"120"
"Linear 131","Linear",150,4155946.21099792,"150"
"Linear 131","Linear",180,4026289.7650715,"180"
"Linear 132","Linear",0,123448.41501179,"0"
"Linear 132","Linear",30,246234.899800344,"30"
"Linear 132","Linear",60,254556.073925066,"60"
"Linear 132","Linear",90,391537.847127239,"90"
"Linear 132","Linear",120,472963.226463547,"120"
"Linear 132","Linear",150,496658.521419873,"150"
"Linear 132","Linear",180,698904.61846754,"180"
"Linear 133","Linear",0,401058.540916727,"0"
"Linear 133","Linear",30,667867.997673311,"30"
"Linear 133","Linear",60,1089426.19814672,"60"
"Linear 133","Linear",90,1194368.94936706,"90"
"Linear 133","Linear",120,1602833.77713532,"120"
"Linear 133","Linear",150,1490257.46677193,"150"
"Linear 133","Linear",180,1525829.43997363,"180"
"Linear 134","Linear",0,735709.398828884,"0"
"Linear 134","Linear",30,1217386.34581937,"30"
"Linear 134","Linear",60,2051497.55831717,"60"
"Linear 134","Linear",90,2446979.42093393,"90"
"Linear 134","Linear",120,3241087.40889644,"120"
"Linear 134","Linear",150,4019094.77025806,"150"
"Linear 134","Linear",180,4411570.75016664,"180"
"Linear 135","Linear",0,797888.777065807,"0"
"Linear 135","Linear",30,1227358.46130145,"30"
"Linear 135","Linear",60,1947721.03021465,"60"
"Linear 135","Linear",90,2128306.35549347,"90"
"Linear 135","Linear",120,2778412.06603836,"120"
"Linear 135","Linear",150,2740245.181986,"150"
"Linear 135","Linear",180,3491930.35189749,"180"
"Linear 136","Linear",0,350055.86146547,"0"
"Linear 136","Linear",30,470209.381449921,"30"
"Linear 136","Linear",60,749492.258412915,"60"
"Linear 136","Linear",90,943531.626039403,"90"
"Linear 136","Linear",120,1288010.17068498,"120"
"Linear 136","Linear",150,1292367.72635153,"150"
"Linear 136","Linear",180,1482737.21219819,"180"
"Linear 137","Linear",0,289250.343772614,"0"
"Linear 137","Linear",30,483207.051186726,"30"
"Linear 137","Linear",60,585632.731126004,"60"
"Linear 137","Linear",90,875472.842657901,"90"
"Linear 137","Linear",120,888060.041753929,"120"
"Linear 137","Linear",150,980221.433030998,"150"
"Linear 137","Linear",180,1281536.38639395,"180"
"Linear 138","Linear",0,660853.941234058,"0"
"Linear 138","Linear",30,1039701.47456009,"30"
"Linear 138","Linear",60,1717076.41959341,"60"
"Linear 138","Linear",90,2279780.16200784,"90"
"Linear 138","Linear",120,2022129.05329053,"120"
"Linear 138","Linear",150,2577328.77471718,"150"
"Linear 138","Linear",180,3683648.36763905,"180"
"Linear 139","Linear",0,37378.7223930321,"0"
"Linear 139","Linear",30,69637.9540637773,"30"
"Linear 139","Linear",60,80242.5521914247,"60"
"Linear 139","Linear",90,106991.462877002,"90"
"Linear 139","Linear",120,149953.482080583,"120"
"Linear 139","Linear",150,154168.304979061,"150"
"Linear 139","Linear",180,179213.885322006,"180"
"Linear 140","Linear",0,351418.199476991,"0"
"Linear 140","Linear",30,522542.466233406,"30"
"Linear 140","Linear",60,629781.559630367,"60"
"Linear 140","Linear",90,882563.266984119,"90"
"Linear 140","Linear",120,1158544.08879611,"120"
"Linear 140","Linear",150,1419164.16250158,"150"
"Linear 140","Linear",180,1777264.69522361,"180"
"Linear 141","Linear",0,624976.554851537,"0"
"Linear 141","Linear",30,1117813.93585956,"30"
"Linear 141","Linear",60,1227430.9365367,"60"
"Linear 141","Linear",90,1761255.72261767,"90"
"Linear 141","Linear",120,2006306.05771048,"120"
"Linear 141","Linear",150,2233806.62821753,"150"
"Linear 141","Linear",180,2091329.48007978,"180"
"Linear 142","Linear",0,535985.049518492,"0"
"Linear 142","Linear",30,807314.088898395,"30"
"Linear 142","Linear",60,1103683.22966627,"60"
"Linear 142","Linear",90,1523614.31281489,"90"
"Linear 142","Linear",120,2113483.57598765,"120"
"Linear 142","Linear",150,2061427.73434625,"150"
"Linear 142","Linear",180,2641745.23519083,"180"
"Linear 143","Linear",0,894116.577011698,"0"
"Linear 143","Linear",30,1330558.66496501,"30"
"Linear 143","Linear",60,1791865.07612928,"60"
"Linear 143","Linear",90,2184055.64461146,"90"
"Linear 143","Linear",120,3067824.15949994,"120"
"Linear 143","Linear",150,3691196.24407788,"150"
"Linear 143","Linear",180,3818117.96467342,"180"
"Linear 144","Linear",0,766965.362258658,"0"
"Linear 144","Linear",30,1586414.89846742,"30"
"Linear 144","Linear",60,1665232.42601521,"60"
"Linear 144","Linear",90,1810735.19072347,"90"
"Linear 144","Linear",120,2236817.9091988,"120"
"Linear 144","Linear",150,2801345.0468051,"150"
"Linear 144","Linear",180,4050841.51756142,"180"
"Linear 145","Linear",0,614049.491152799,"0"
"Linear 145","Linear",30,974058.791670618,"30"
"Linear 145","Linear",60,1229485.70508221,"60"
"Linear 145","Linear",90,1541695.97299318,"90"
"Linear 145","Linear",120,1863781.19625969,"120"
"Linear 145","Linear",150,2156624.41224453,"150"
"Linear 145","Linear",180,2569936.77617347,"180"
"Linear 146","Linear",0,141749.911098441,"0"
"Linear 146","Linear",30,232018.944167177,"30"
"Linear 146","Linear",60,343680.180292374,"60"
"Linear 146","Linear",90,284668.247549135,"90"
"Linear 146","Linear",120,480419.98070596,"120"
"Linear 146","Linear",150,521385.325957601,"150"
"Linear 146","Linear",180,602818.393103472,"180"
"Linear 147","Linear",0,901138.45889914,"0"
"Linear 147","Linear",30,1334322.15037563,"30"
"Linear 147","Linear",60,2059806.32273519,"60"
"Linear 147","Linear",90,2249801.95318766,"90"
"Linear 147","Linear",120,4133267.54615674,"120"
"Linear 147","Linear",150,3333602.32450022,"150"
"Linear 147","Linear",180,4041544.76571461,"180"
"Linear 148","Linear",0,922912.70730419,"0"
"Linear 148","Linear",30,1852040.60227941,"30"
"Linear 148","Linear",60,2017455.27753993,"60"
"Linear 148","Linear",90,2833995.63621917,"90"
"Linear 148","Linear",120,2938563.55984532,"120"
"Linear 148","Linear",150,4402725.70169731,"150"
"Linear 148","Linear",180,4593603.96530122,"180"
"Linear 149","Linear",0,845418.921349929,"0"
"Linear 149","Linear",30,1271050.4208363,"30"
"Linear 149","Linear",60,1910511.78289815,"60"
"Linear 149","Linear",90,2126570.34169236,"90"
"Linear 149","Linear",120,2939827.15954898,"120"
"Linear 149","Linear",150,3828824.24050122,"150"
"Linear 149","Linear",180,4281346.91541405,"180"
"Linear 150","Linear",0,1015352.96500395,"0"
"Linear 150","Linear",30,1638371.99151742,"30"
"Linear 150","Linear",60,2355845.42629976,"60"
"Linear 150","Linear",90,2857363.39809491,"90"
"Linear 150","Linear",120,3543206.01041971,"120"
"Linear 150","Linear",150,4180945.02366539,"150"
"Linear 150","Linear",180,4622766.64827156,"180"
"Linear 151","Linear",0,939117.559064285,"0"
"Linear 151","Linear",30,1645028.04651516,"30"
"Linear 151","Linear",60,1966206.97086134,"60"
"Linear 151","Linear",90,2665067.22240442,"90"
"Linear 151","Linear",120,3184943.97966421,"120"
"Linear 151","Linear",150,3333685.45286743,"150"
"Linear 151","Linear",180,4810005.7350637,"180"
"Linear 152","Linear",0,357268.08518594,"0"
"Linear 152","Linear",30,451611.203031092,"30"
"Linear 152","Linear",60,626971.188130324,"60"
"Linear 152","Linear",90,961041.357812173,"90"
"Linear 152","Linear",120,1065694.88577975,"120"
"Linear 152","Linear",150,1030842.9021563,"150"
"Linear 152","Linear",180,1672258.8929346,"180"
"Linear 153","Linear",0,555897.260103224,"0"
"Linear 153","Linear",30,810328.58306786,"30"
"Linear 153","Linear",60,1239340.58548408,"60"
"Linear 153","Linear",90,1687155.56870104,"90"
"Linear 153","Linear",120,1962949.1217903,"120"
"Linear 153","Linear",150,2250745.65971149,"150"
"Linear 153","Linear",180,2702390.26746139,"180"
"Linear 154","Linear",0,868299.578699305,"0"
"Linear 154","Linear",30,1204062.65540444,"30"
"Linear 154","Linear",60,1895617.83992957,"60"
"Linear 154","Linear",90,2152441.17762113,"90"
"Linear 154","Linear",120,3433619.74834899,"120"
"Linear 154","Linear",150,4508566.29147351,"150"
"Linear 154","Linear",180,3867636.90129252,"180"
"Linear 155","Linear",0,757422.843350568,"0"
"Linear 155","Linear",30,1432872.59299194,"30"
"Linear 155","Linear",60,1831946.43577257,"60"
"Linear 155","Linear",90,2437928.09986961,"90"
"Linear 155","Linear",120,3040078.69204229,"120"
"Linear 155","Linear",150,3402695.10259634,"150"
"Linear 155","Linear",180,3989467.52569911,"180"
"Linear 156","Linear",0,762240.9623392,"0"
"Linear 156","Linear",30,1151561.75435943,"30"
"Linear 156","Linear",60,1467184.84455481,"60"
"Linear 156","Linear",90,1896499.46880397,"90"
"Linear 156","Linear",120,2852235.44210877,"120"
"Linear 156","Linear",150,2668922.58875328,"150"
"Linear 156","Linear",180,3385456.70541578,"180"
"Linear 157","Linear",0,672798.382938315,"0"
"Linear 157","Linear",30,1110148.4280328,"30"
"Linear 157","Linear",60,1480460.2136867,"60"
"Linear 157","Linear",90,1796633.93038687,"90"
"Linear 157","Linear",120,1727448.0490947,"120"
"Linear 157","Linear",150,2446780.72625805,"150"
"Linear 157","Linear",180,2583247.91965708,"180"
"Linear 158","Linear",0,139459.991782427,"0"
"Linear 158","Linear",30,187670.718084899,"30"
"Linear 158","Linear",60,236224.641706972,"60"
"Linear 158","Linear",90,352734.836138058,"90"
"Linear 158","Linear",120,412691.792926359,"120"
"Linear 158","Linear",150,459061.559501923,"150"
"Linear 158","Linear",180,520082.53313645,"180"
"Linear 159","Linear",0,732654.737762735,"0"
"Linear 159","Linear",30,1253826.69692521,"30"
"Linear 159","Linear",60,1644159.23162028,"60"
"Linear 159","Linear",90,1936562.06484253,"90"
"Linear 159","Linear",120,2718284.2187858,"120"
"Linear 159","Linear",150,2745552.10657686,"150"
"Linear 159","Linear",180,3838870.79009679,"180"
"Linear 160","Linear",0,860996.366215209,"0"
"Linear 160","Linear",30,1442937.91096082,"30"
"Linear 160","Linear",60,1977763.25414201,"60"
"Linear 160","Linear",90,2217857.74801136,"90"
"Linear 160","Linear",120,2912193.70872645,"120"
"Linear 160","Linear",150,2519341.82408822,"150"
"Linear 160","Linear",180,3848653.12551802,"180"
"Linear 161","Linear",0,1022196.21064531,"0"
"Linear 161","Linear",30,1559744.32483673,"30"
"Linear 161","Linear",60,2396275.19533047,"60"
"Linear 161","Linear",90,2654106.7286943,"90"
"Linear 161","Linear",120,3519375.07859342,"120"
"Linear 161","Linear",150,3816536.41631134,"150"
"Linear 161","Linear",180,4726916.73598169,"180"
"Linear 162","Linear",0,615663.63072716,"0"
"Linear 162","Linear",30,892545.643476467,"30"
"Linear 162","Linear",60,1327418.91755224,"60"
"Linear 162","Linear",90,1483010.75209541,"90"
"Linear 162","Linear",120,2080442.37972032,"120"
"Linear 162","Linear",150,3016398.33355044,"150"
"Linear 162","Linear",180,3081426.30207244,"180"
"Linear 163","Linear",0,280152.798885747,"0"
"Linear 163","Linear",30,493344.96076568,"30"
"Linear 163","Linear",60,646602.87982061,"60"
"Linear 163","Linear",90,670194.865755453,"90"
"Linear 163","Linear",120,990986.609788771,"120"
"Linear 163","Linear",150,1156743.75776032,"150"
"Linear 163","Linear",180,1361426.53036518,"180"
"Linear 164","Linear",0,391151.128613036,"0"
"Linear 164","Linear",30,585780.879659349,"30"
"Linear 164","Linear",60,769675.177306328,"60"
"Linear 164","Linear",90,923981.213001753,"90"
"Linear 164","Linear",120,1124282.86436396,"120"
"Linear 164","Linear",150,1464697.08241398,"150"
"Linear 164","Linear",180,1703140.44382095,"180"
"Linear 165","Linear",0,850178.866406483,"0"
"Linear 165","Linear",30,1095315.92323927,"30"
"Linear 165","Linear",60,1504428.31033348,"60"
"Linear 165","Linear",90,2520937.67575562,"90"
"Linear 165","Linear",120,2649623.69480062,"120"
"Linear 165","Linear",150,3116223.81472371,"150"
"Linear 165","Linear",180,3921258.85891145,"180"
"Linear 166","Linear",0,717284.66927083,"0"
"Linear 166","Linear",30,1271158.59636697,"30"
"Linear 166","Linear",60,1429423.65315647,"60"
"Linear 166","Linear",90,2090502.52385821,"90"
"Linear 166","Linear",120,2622587.75403031,"120"
"Linear 166","Linear",150,2682352.6872753,"150"
"Linear 166","Linear",180,3671309.33320577,"180"
"Linear 167","Linear",0,448757.554190432,"0"
"Linear 167","Linear",30,627882.005242425,"30"
"Linear 167","Linear",60,791388.939945266,"60"
"Linear 167","Linear",90,1157612.938078,"90"
"Linear 167","Linear",120,1365525.7081647,"120"
"Linear 167","Linear",150,1621607.72503217,"150"
"Linear 167","Linear",180,1897378.11101407,"180"
"Linear 168","Linear",0,763995.212037714,"0"
"Linear 168","Linear",30,1345548.20603115,"30"
"Linear 168","Linear",60,2020187.18030013,"60"
"Linear 168","Linear",90,1785559.50729075,"90"
"Linear 168","Linear",120,2648848.5749114,"120"
"Linear 168","Linear",150,3468652.92317097,"150"
"Linear 168","Linear",180,3204618.23818474,"180"
"Linear 169","Linear",0,218283.785019803,"0"
"Linear 169","Linear",30,388713.674131862,"30"
"Linear 169","Linear",60,572717.149369629,"60"
"Linear 169","Linear",90,692371.764158634,"90"
"Linear 169","Linear",120,865093.79236411,"120"
"Linear 169","Linear",150,707180.213750422,"150"
"Linear 169","Linear",180,910785.85969401,"180"
"Linear 170","Linear",0,901318.788318472,"0"
"Linear 170","Linear",30,1499054.70954463,"30"
"Linear 170","Linear",60,2483578.51006133,"60"
"Linear 170","Linear",90,2808923.50210587,"90"
"Linear 170","Linear",120,3386838.19010608,"120"
"Linear 170","Linear",150,3869127.47671849,"150"
"Linear 170","Linear",180,3832637.60355691,"180"
"Linear 171","Linear",0,621857.578103079,"0"
"Linear 171","Linear",30,1053202.84906875,"30"
"Linear 171","Linear",60,1214082.20640878,"60"
"Linear 171","Linear",90,1458184.66764808,"90"
"Linear 171","Linear",120,2437069.82750853,"120"
"Linear 171","Linear",150,2671723.74352192,"150"
"Linear 171","Linear",180,3065199.96833288,"180"
"Linear 172","Linear",0,34137.2071298201,"0"
"Linear 172","Linear",30,46286.7002830363,"30"
"Linear 172","Linear",60,80050.0282918097,"60"
"Linear 172","Linear",90,78992.5762619452,"90"
"Linear 172","Linear",120,104703.346100601,"120"
"Linear 172","Linear",150,133687.793271029,"150"
"Linear 172","Linear",180,152958.433404368,"180"
"Linear 173","Linear",0,1071820.71455291,"0"
"Linear 173","Linear",30,1449039.69883907,"30"
"Linear 173","Linear",60,1888854.26704037,"60"
"Linear 173","Linear",90,2437022.40328101,"90"
"Linear 173","Linear",120,3542969.15462318,"120"
"Linear 173","Linear",150,3759345.74054879,"150"
"Linear 173","Linear",180,4720188.47901704,"180"
"Linear 174","Linear",0,589808.536936691,"0"
"Linear 174","Linear",30,1105196.73201884,"30"
"Linear 174","Linear",60,1301312.47733,"60"
"Linear 174","Linear",90,1879586.71598835,"90"
"Linear 174","Linear",120,2157080.60512767,"120"
"Linear 174","Linear",150,2314037.3181548,"150"
"Linear 174","Linear",180,3184174.17920843,"180"
"Linear 175","Linear",0,541171.137316705,"0"
"Linear 175","Linear",30,951813.429900855,"30"
"Linear 175","Linear",60,1632705.07268907,"60"
"Linear 175","Linear",90,1534651.79532286,"90"
"Linear 175","Linear",120,1981413.84817701,"120"
"Linear 175","Linear",150,2703165.26998011,"150"
"Linear 175","Linear",180,2422570.75172227,"180"
"Linear 176","Linear",0,342898.251518169,"0"
"Linear 176","Linear",30,557212.394904975,"30"
"Linear 176","Linear",60,805198.841291077,"60"
"Linear 176","Linear",90,1139323.72741117,"90"
"Linear 176","Linear",120,1653403.06782425,"120"
"Linear 176","Linear",150,1540695.01200002,"150"
"Linear 176","Linear",180,1794835.77988582,"180"
"Linear 177","Linear",0,334839.463236233,"0"
"Linear 177","Linear",30,403618.625177939,"30"
"Linear 177","Linear",60,707626.562194207,"60"
"Linear 177","Linear",90,1059600.49771339,"90"
"Linear 177","Linear",120,1100363.08791277,"120"
"Linear 177","Linear",150,1313091.11434627,"150"
"Linear 177","Linear",180,1524739.73761314,"180"
"Linear 178","Linear",0,277524.112396164,"0"
"Linear 178","Linear",30,373200.133966541,"30"
"Linear 178","Linear",60,575436.081506517,"60"
"Linear 178","Linear",90,743089.271125222,"90"
"Linear 178","Linear",120,987465.222247862,"120"
"Linear 178","Linear",150,1121892.76610353,"150"
"Linear 178","Linear",180,1168081.56658066,"180"
"Linear 179","Linear",0,626053.903983565,"0"
"Linear 179","Linear",30,778089.423628294,"30"
"Linear 179","Linear",60,1249411.75653581,"60"
"Linear 179","Linear",90,1444473.38965429,"90"
"Linear 179","Linear",120,1780714.01001874,"120"
"Linear 179","Linear",150,2324267.28396825,"150"
"Linear 179","Linear",180,2781155.42947899,"180"
"Linear 180","Linear",0,461107.363146788,"0"
"Linear 180","Linear",30,867517.422654001,"30"
"Linear 180","Linear",60,1182352.25871823,"60"
"Linear 180","Linear",90,1229099.03657453,"90"
"Linear 180","Linear",120,1708226.00026216,"120"
"Linear 180","Linear",150,1722673.69259218,"150"
"Linear 180","Linear",180,2569637.42310334,"180"
"Linear 181","Linear",0,862259.565728973,"0"
"Linear 181","Linear",30,1313688.16506941,"30"
"Linear 181","Linear",60,1963138.5423118,"60"
"Linear 181","Linear",90,2067693.58063685,"90"
"Linear 181","Linear",120,2417819.36056552,"120"
"Linear 181","Linear",150,3110614.38869173,"150"
"Linear 181","Linear",180,3918847.62680645,"180"
"Linear 182","Linear",0,112426.738402436,"0"
"Linear 182","Linear",30,206030.163470967,"30"
"Linear 182","Linear",60,246377.110081052,"60"
"Linear 182","Linear",90,362322.571579247,"90"
"Linear 182","Linear",120,369910.600021648,"120"
"Linear 182","Linear",150,459547.116089369,"150"
"Linear 182","Linear",180,497572.140913756,"180"
"Linear 183","Linear",0,484644.816903246,"0"
"Linear 183","Linear",30,916570.162932918,"30"
"Linear 183","Linear",60,1348991.00963201,"60"
"Linear 183","Linear",90,1578874.80982446,"90"
"Linear 183","Linear",120,2183607.57600651,"120"
"Linear 183","Linear",150,1833647.08911818,"150"
"Linear 183","Linear",180,2332820.73617166,"180"
"Linear 184","Linear",0,956019.485033227,"0"
"Linear 184","Linear",30,1485557.4797092,"30"
"Linear 184","Linear",60,2323252.79749221,"60"
"Linear 184","Linear",90,2939170.97573694,"90"
"Linear 184","Linear",120,2610763.91279616,"120"
"Linear 184","Linear",150,3446185.07550281,"150"
"Linear 184","Linear",180,3542661.4253961,"180"
"Linear 185","Linear",0,109796.744529975,"0"
"Linear 185","Linear",30,177443.003948723,"30"
"Linear 185","Linear",60,217306.044287131,"60"
"Linear 185","Linear",90,309031.118721303,"90"
"Linear 185","Linear",120,337753.244548705,"120"
"Linear 185","Linear",150,439236.58146824,"150"
"Linear 185","Linear",180,498406.339890803,"180"
"Linear 186","Linear",0,409170.622876084,"0"
"Linear 186","Linear",30,690504.21024408,"30"
"Linear 186","Linear",60,1044686.72724537,"60"
"Linear 186","Linear",90,1204725.18727441,"90"
"Linear 186","Linear",120,1488838.37083473,"120"
"Linear 186","Linear",150,1616826.97272288,"150"
"Linear 186","Linear",180,1991697.8440549,"180"
"Linear 187","Linear",0,225102.799766889,"0"
"Linear 187","Linear",30,373621.62363792,"30"
"Linear 187","Linear",60,475377.06995144,"60"
"Linear 187","Linear",90,730789.275453027,"90"
"Linear 187","Linear",120,1007966.26842819,"120"
"Linear 187","Linear",150,929924.619614737,"150"
"Linear 187","Linear",180,1169029.91229375,"180"
"Linear 188","Linear",0,731813.992793448,"0"
"Linear 188","Linear",30,1170327.52609079,"30"
"Linear 188","Linear",60,1782737.79964143,"60"
"Linear 188","Linear",90,1928059.09114064,"90"
"Linear 188","Linear",120,2542846.56394258,"120"
"Linear 188","Linear",150,2875892.39867031,"150"
"Linear 188","Linear",180,3162102.27147548,"180"
"Linear 189","Linear",0,973258.637880545,"0"
"Linear 189","Linear",30,1921731.68104868,"30"
"Linear 189","Linear",60,1554002.53829371,"60"
"Linear 189","Linear",90,2941807.90620083,"90"
"Linear 189","Linear",120,3080052.91076249,"120"
"Linear 189","Linear",150,3834837.41800895,"150"
"Linear 189","Linear",180,4045694.51208718,"180"
"Linear 190","Linear",0,110063.522270541,"0"
"Linear 190","Linear",30,162666.830264908,"30"
"Linear 190","Linear",60,193793.026794446,"60"
"Linear 190","Linear",90,315208.556080608,"90"
"Linear 190","Linear",120,324152.813931896,"120"
"Linear 190","Linear",150,394633.770963562,"150"
"Linear 190","Linear",180,443664.248464569,"180"
"Linear 191","Linear",0,945879.933942953,"0"
"Linear 191","Linear",30,1346539.34675402,"30"
"Linear 191","Linear",60,2302268.62957654,"60"
"Linear 191","Linear",90,2796992.45246902,"90"
"Linear 191","Linear",120,3215306.36096315,"120"
"Linear 191","Linear",150,4107950.87160697,"150"
"Linear 191","Linear",180,3788605.90263787,"180"
"Linear 192","Linear",0,328607.923487497,"0"
"Linear 192","Linear",30,540766.317018521,"30"
"Linear 192","Linear",60,675668.017260198,"60"
"Linear 192","Linear",90,830516.085269153,"90"
"Linear 192","Linear",120,1034313.83177939,"120"
"Linear 192","Linear",150,1420524.68909949,"150"
"Linear 192","Linear",180,1641674.06208951,"180"
"Linear 193","Linear",0,183181.242709427,"0"
"Linear 193","Linear",30,272620.904359346,"30"
"Linear 193","Linear",60,465223.188102371,"60"
"Linear 193","Linear",90,436010.20656364,"90"
"Linear 193","Linear",120,616744.227920958,"120"
"Linear 193","Linear",150,781773.898766236,"150"
"Linear 193","Linear",180,749341.392766794,"180"
"Linear 194","Linear",0,1018644.67112414,"0"
"Linear 194","Linear",30,1805702.9996368,"30"
"Linear 194","Linear",60,1983799.88339395,"60"
"Linear 194","Linear",90,2532463.28598056,"90"
"Linear 194","Linear",120,2990963.95260507,"120"
"Linear 194","Linear",150,4461301.53488827,"150"
"Linear 194","Linear",180,4150983.52635627,"180"
"Linear 195","Linear",0,643197.892624557,"0"
"Linear 195","Linear",30,1160917.25336471,"30"
"Linear 195","Linear",60,1550401.22147831,"60"
"Linear 195","Linear",90,2006378.95047832,"90"
"Linear 195","Linear",120,2179317.77926025,"120"
"Linear 195","Linear",150,2934600.32833357,"150"
"Linear 195","Linear",180,2189186.46687499,"180"
"Linear 196","Linear",0,320490.393195671,"0"
"Linear 196","Linear",30,482371.589911063,"30"
"Linear 196","Linear",60,724135.713634402,"60"
"Linear 196","Linear",90,772181.644327582,"90"
"Linear 196","Linear",120,1000723.51004175,"120"
"Linear 196","Linear",150,1270565.16926511,"150"
"Linear 196","Linear",180,1219523.26524533,"180"
"Linear 197","Linear",0,545399.343243112,"0"
"Linear 197","Linear",30,851391.917407729,"30"
"Linear 197","Linear",60,1048528.02053189,"60"
"Linear 197","Linear",90,1711520.37270879,"90"
"Linear 197","Linear",120,1584673.38417369,"120"
"Linear 197","Linear",150,1866128.80513434,"150"
"Linear 197","Linear",180,2371276.84390534,"180"
"Linear 198","Linear",0,51403.6065858706,"0"
"Linear 198","Linear",30,83488.2502118986,"30"
"Linear 198","Linear",60,109475.259216843,"60"
"Linear 198","Linear",90,146265.083819841,"90"
"Linear 198","Linear",120,183873.361741807,"120"
"Linear 198","Linear",150,217832.756080334,"150"
"Linear 198","Linear",180,266023.915361912,"180"
"Linear 199","Linear",0,118836.842190782,"0"
"Linear 199","Linear",30,201182.902308427,"30"
"Linear 199","Linear",60,287558.610576715,"60"
"Linear 199","Linear",90,326829.69075378,"90"
"Linear 199","Linear",120,437253.040097331,"120"
"Linear 199","Linear",150,456494.612938413,"150"
"Linear 199","Linear",180,536464.918753203,"180"
"Linear 200","Linear",0,233910.604897367,"0"
"Linear 200","Linear",30,471278.722646481,"30"
"Linear 200","Linear",60,692664.169490875,"60"
"Linear 200","Linear",90,779043.255497333,"90"
"Linear 200","Linear",120,1040981.92746156,"120"
"Linear 200","Linear",150,1071224.99820565,"150"
"Linear 200","Linear",180,1348253.55289761,"180"
